{
  "parent": "repurposed_structures:root",
  "display": {
    "icon": {
      "item": "minecraft:oak_boat"
    },
    "title": {
      "translate": "Interdimensional Pirates"
    },
    "description": {
      "translate": "Find all new Shipwrecks!"
    },
    "show_toast": true,
    "announce_to_chat": true,
    "hidden": false
  },
  "rewards": {
    "experience": 110
  },
  "criteria": {
    "in_shipwreck_crimson": {
      "trigger": "minecraft:location",
      "conditions": {
        "player": [
          {
            "condition": "minecraft:entity_properties",
            "entity": "this",
            "predicate": {
              "location": {
                "structure": "repurposed_structures:shipwreck_crimson"
              }
            }
          }
        ]
      }
    },
    "in_shipwreck_end": {
      "trigger": "minecraft:location",
      "conditions": {
        "player": [
          {
            "condition": "minecraft:entity_properties",
            "entity": "this",
            "predicate": {
              "location": {
                "structure": "repurposed_structures:shipwreck_end"
              }
            }
          }
        ]
      }
    },
    "in_shipwreck_nether_bricks": {
      "trigger": "minecraft:location",
      "conditions": {
        "player": [
          {
            "condition": "minecraft:entity_properties",
            "entity": "this",
            "predicate": {
              "location": {
                "structure": "repurposed_structures:shipwreck_nether_bricks"
              }
            }
          }
        ]
      }
    },
    "in_shipwreck_warped": {
      "trigger": "minecraft:location",
      "conditions": {
        "player": [
          {
            "condition": "minecraft:entity_properties",
            "entity": "this",
            "predicate": {
              "location": {
                "structure": "repurposed_structures:shipwreck_warped"
              }
            }
          }
        ]
      }
    }
  },
  "requirements": [
    [
      "in_shipwreck_crimson"
    ],
    [
      "in_shipwreck_end"
    ],
    [
      "in_shipwreck_nether_bricks"
    ],
    [
      "in_shipwreck_warped"
    ]
  ]
}