{
  "type": "minecraft:chest",
  "random_sequence": "repurposed_structures:chests",
  "pools": [
    {
      "rolls": {
        "min": 1.0,
        "max": 3.0,
        "type": "minecraft:uniform"
      },
      "entries": [
        {
          "name": "minecraft:saddle",
          "type": "minecraft:item",
          "weight": 20
        },
        {
          "name": "minecraft:golden_carrot",
          "type": "minecraft:item",
          "weight": 10
        },
        {
          "name": "minecraft:enchanted_golden_apple",
          "type": "minecraft:item",
          "weight": 2
        },
        {
          "name": "minecraft:music_disc_cat",
          "type": "minecraft:item",
          "weight": 15
        },
        {
          "name": "minecraft:music_disc_ward",
          "type": "minecraft:item",
          "weight": 15
        },
        {
          "name": "minecraft:name_tag",
          "type": "minecraft:item",
          "weight": 20
        },
        {
          "name": "minecraft:slime_block",
          "type": "minecraft:item",
          "weight": 10
        },
        {
          "name": "minecraft:dark_oak_boat",
          "type": "minecraft:item",
          "weight": 15
        },
        {
          "type": "minecraft:item",
          "weight": 2,
          "name": "minecraft:music_disc_otherside"
        },
        {
          "name": "minecraft:bow",
          "type": "minecraft:item",
          "weight": 10,
          "functions": [
            {
              "function": "minecraft:enchant_with_levels",
              "levels": {
                "min": 1.0,
                "max": 15.0,
                "type": "minecraft:uniform"
              }
            }
          ]
        },
        {
          "name": "minecraft:book",
          "type": "minecraft:item",
          "weight": 10,
          "functions": [
            {
              "function": "minecraft:enchant_randomly"
            }
          ]
        }
      ]
    },
    {
      "rolls": {
        "min": 1.0,
        "max": 4.0,
        "type": "minecraft:uniform"
      },
      "entries": [
        {
          "name": "minecraft:iron_ingot",
          "type": "minecraft:item",
          "weight": 10,
          "functions": [
            {
              "function": "minecraft:set_count",
              "count": {
                "min": 1.0,
                "max": 4.0,
                "type": "minecraft:uniform"
              }
            }
          ]
        },
        {
          "name": "minecraft:emerald",
          "type": "minecraft:item",
          "weight": 5,
          "functions": [
            {
              "function": "minecraft:set_count",
              "count": {
                "min": 1.0,
                "max": 2.0,
                "type": "minecraft:uniform"
              }
            }
          ]
        },
        {
          "name": "minecraft:mushroom_stew",
          "type": "minecraft:item",
          "weight": 20
        },
        {
          "name": "minecraft:suspicious_stew",
          "type": "minecraft:item",
          "weight": 10,
          "functions": [
            {
              "function": "minecraft:set_stew_effect",
              "effects": [
                {
                  "type": "minecraft:blindness",
                  "duration": {
                    "min": 5.0,
                    "max": 7.0
                  }
                },
                {
                  "type": "minecraft:poison",
                  "duration": {
                    "min": 10.0,
                    "max": 20.0
                  }
                },
                {
                  "type": "minecraft:weakness",
                  "duration": {
                    "min": 6.0,
                    "max": 8.0
                  }
                },
                {
                  "type": "minecraft:jump_boost",
                  "duration": {
                    "min": 7.0,
                    "max": 10.0
                  }
                },
                {
                  "type": "minecraft:night_vision",
                  "duration": {
                    "min": 7.0,
                    "max": 10.0
                  }
                },
                {
                  "type": "minecraft:saturation",
                  "duration": {
                    "min": 7.0,
                    "max": 10.0
                  }
                }
              ]
            }
          ]
        },
        {
          "name": "minecraft:bucket",
          "type": "minecraft:item",
          "weight": 10
        },
        {
          "name": "minecraft:redstone",
          "type": "minecraft:item",
          "weight": 15,
          "functions": [
            {
              "function": "minecraft:set_count",
              "count": {
                "min": 1.0,
                "max": 4.0,
                "type": "minecraft:uniform"
              }
            }
          ]
        },
        {
          "name": "minecraft:coal",
          "type": "minecraft:item",
          "weight": 15,
          "functions": [
            {
              "function": "minecraft:set_count",
              "count": {
                "min": 1.0,
                "max": 4.0,
                "type": "minecraft:uniform"
              }
            }
          ]
        },
        {
          "name": "minecraft:slime_ball",
          "type": "minecraft:item",
          "weight": 10,
          "functions": [
            {
              "function": "minecraft:set_count",
              "count": {
                "min": 2.0,
                "max": 4.0,
                "type": "minecraft:uniform"
              }
            }
          ]
        },
        {
          "name": "minecraft:pumpkin_seeds",
          "type": "minecraft:item",
          "weight": 10,
          "functions": [
            {
              "function": "minecraft:set_count",
              "count": {
                "min": 2.0,
                "max": 4.0,
                "type": "minecraft:uniform"
              }
            }
          ]
        },
        {
          "name": "minecraft:pumpkin",
          "type": "minecraft:item",
          "weight": 5,
          "functions": [
            {
              "function": "minecraft:set_count",
              "count": {
                "min": 2.0,
                "max": 4.0,
                "type": "minecraft:uniform"
              }
            }
          ]
        },
        {
          "name": "minecraft:carved_pumpkin",
          "type": "minecraft:item",
          "weight": 2,
          "functions": [
            {
              "function": "minecraft:set_count",
              "count": {
                "min": 2.0,
                "max": 4.0,
                "type": "minecraft:uniform"
              }
            }
          ]
        },
        {
          "name": "minecraft:carrot",
          "type": "minecraft:item",
          "weight": 10,
          "functions": [
            {
              "function": "minecraft:set_count",
              "count": {
                "min": 2.0,
                "max": 4.0,
                "type": "minecraft:uniform"
              }
            }
          ]
        },
        {
          "name": "minecraft:tipped_arrow",
          "type": "minecraft:item",
          "weight": 7,
          "functions": [
            {
              "function": "minecraft:set_count",
              "count": {
                "min": 1.0,
                "max": 3.0,
                "type": "minecraft:uniform"
              }
            },
            {
              "function": "minecraft:set_nbt",
              "tag": "{Potion:\"minecraft:long_poison\"}"
            }
          ]
        }
      ]
    },
    {
      "rolls": 3,
      "entries": [
        {
          "name": "minecraft:bone",
          "type": "minecraft:item",
          "weight": 10,
          "functions": [
            {
              "function": "minecraft:set_count",
              "count": {
                "min": 1.0,
                "max": 8.0,
                "type": "minecraft:uniform"
              }
            }
          ]
        },
        {
          "name": "minecraft:lily_pad",
          "type": "minecraft:item",
          "weight": 5,
          "functions": [
            {
              "function": "minecraft:set_count",
              "count": {
                "min": 2.0,
                "max": 6.0,
                "type": "minecraft:uniform"
              }
            }
          ]
        },
        {
          "name": "minecraft:gunpowder",
          "type": "minecraft:item",
          "weight": 10,
          "functions": [
            {
              "function": "minecraft:set_count",
              "count": {
                "min": 1.0,
                "max": 8.0,
                "type": "minecraft:uniform"
              }
            }
          ]
        },
        {
          "name": "minecraft:rotten_flesh",
          "type": "minecraft:item",
          "weight": 10,
          "functions": [
            {
              "function": "minecraft:set_count",
              "count": {
                "min": 1.0,
                "max": 8.0,
                "type": "minecraft:uniform"
              }
            }
          ]
        },
        {
          "name": "minecraft:string",
          "type": "minecraft:item",
          "weight": 10,
          "functions": [
            {
              "function": "minecraft:set_count",
              "count": {
                "min": 1.0,
                "max": 8.0,
                "type": "minecraft:uniform"
              }
            }
          ]
        }
      ]
    },
    {
      "rolls": 1,
      "entries": [
        {
          "type": "minecraft:loot_table",
          "name": "repurposed_structures:chests/lucky_pool"
        }
      ]
    },
    {
      "rolls": 0,
      "bonus_rolls": 1,
      "entries": [
        {
          "type": "minecraft:empty",
          "weight": 130
        },
        {
          "name": "minecraft:black_banner",
          "type": "minecraft:item",
          "weight": 30,
          "functions": [
            {
              "function":"set_nbt",
              "tag":"{BlockEntityTag:{Patterns:[{Pattern:mr,Color:12},{Pattern:flo,Color:12},{Pattern:flo,Color:15},{Pattern:tts,Color:15},{Pattern:tts,Color:15},{Pattern:tts,Color:12},{Pattern:bts,Color:15},{Pattern:bts,Color:15},{Pattern:bts,Color:12},{Pattern:cbo,Color:7},{Pattern:bo,Color:12},{Pattern:cbo,Color:15}]}}"
            }
          ]
        },
        {
          "name": "minecraft:music_disc_11",
          "type": "minecraft:item",
          "weight": 10
        },
        {
          "name": "minecraft:name_tag",
          "type": "minecraft:item",
          "weight": 10
        }
      ]
    }
  ]
}