{
  "type": "minecraft:chest",
  "random_sequence": "repurposed_structures:chests",
  "pools": [
    {
      "rolls": {
        "min": 3.0,
        "max": 8.0,
        "type": "minecraft:uniform"
      },
      "entries": [
        {
          "name": "minecraft:gold_nugget",
          "type": "minecraft:item",
          "functions": [
            {
              "function": "minecraft:set_count",
              "count": {
                "min": 1.0,
                "max": 3.0,
                "type": "minecraft:uniform"
              }
            }
          ]
        },
        {
          "name": "minecraft:grass",
          "type": "minecraft:item",
          "weight": 2
        },
        {
          "name": "minecraft:tall_grass",
          "type": "minecraft:item",
          "weight": 2
        },
        {
          "name": "minecraft:fern",
          "type": "minecraft:item",
          "weight": 2
        },
        {
          "name": "minecraft:large_fern",
          "type": "minecraft:item",
          "weight": 2
        },
        {
          "name": "minecraft:jungle_sapling",
          "type": "minecraft:item",
          "weight": 3
        },
        {
          "name": "minecraft:bread",
          "type": "minecraft:item",
          "weight": 8,
          "functions": [
            {
              "function": "minecraft:set_count",
              "count": {
                "min": 1.0,
                "max": 4.0,
                "type": "minecraft:uniform"
              }
            }
          ]
        },
        {
          "name": "minecraft:melon_slice",
          "type": "minecraft:item",
          "weight": 12,
          "functions": [
            {
              "function": "minecraft:set_count",
              "count": {
                "min": 1.0,
                "max": 4.0,
                "type": "minecraft:uniform"
              }
            }
          ]
        },
        {
          "name": "minecraft:wheat_seeds",
          "type": "minecraft:item",
          "weight": 5,
          "functions": [
            {
              "function": "minecraft:set_count",
              "count": {
                "min": 1.0,
                "max": 5.0,
                "type": "minecraft:uniform"
              }
            }
          ]
        },
        {
          "name": "minecraft:melon_seeds",
          "type": "minecraft:item",
          "weight": 5,
          "functions": [
            {
              "function": "minecraft:set_count",
              "count": {
                "min": 1.0,
                "max": 5.0,
                "type": "minecraft:uniform"
              }
            }
          ]
        },
        {
          "name": "minecraft:cocoa_beans",
          "type": "minecraft:item",
          "weight": 5,
          "functions": [
            {
              "function": "minecraft:set_count",
              "count": {
                "min": 1.0,
                "max": 4.0,
                "type": "minecraft:uniform"
              }
            }
          ]
        },
        {
          "name": "minecraft:emerald",
          "type": "minecraft:item",
          "weight": 2,
          "functions": [
            {
              "function": "minecraft:set_count",
              "count": {
                "min": 1.0,
                "max": 4.0,
                "type": "minecraft:uniform"
              }
            }
          ]
        },
        {
          "name": "minecraft:bamboo",
          "type": "minecraft:item",
          "weight": 10,
          "functions": [
            {
              "function": "minecraft:set_count",
              "count": {
                "min": 1.0,
                "max": 2.0,
                "type": "minecraft:uniform"
              }
            }
          ]
        },
        {
          "name": "minecraft:saddle",
          "type": "minecraft:item"
        },
        {
          "name": "minecraft:torch",
          "type": "minecraft:item",
          "functions": [
            {
              "function": "minecraft:set_count",
              "count": {
                "min": 1.0,
                "max": 2.0,
                "type": "minecraft:uniform"
              }
            }
          ]
        },
        {
          "name": "minecraft:bucket",
          "type": "minecraft:item"
        },
        {
          "name": "minecraft:scaffolding",
          "type": "minecraft:item"
        }
      ]
    },
    {
      "rolls": 1,
      "entries": [
        {
          "type": "minecraft:loot_table",
          "name": "repurposed_structures:chests/lucky_pool"
        }
      ]
    },
    {
      "rolls": 0,
      "bonus_rolls": 1,
      "entries": [
        {
          "type": "minecraft:empty",
          "weight": 130
        },
        {
          "name": "minecraft:brown_banner",
          "type": "minecraft:item",
          "weight": 30,
          "functions": [
            {
              "function":"set_nbt",
              "tag":"{BlockEntityTag:{Patterns:[{Pattern:bri,Color:15},{Pattern:bri,Color:12},{Pattern:sc,Color:15},{Pattern:sc,Color:5},{Pattern:bts,Color:15},{Pattern:bts,Color:5},{Pattern:tts,Color:15},{Pattern:tts,Color:5},{Pattern:ms,Color:12},{Pattern:mc,Color:13},{Pattern:flo,Color:15},{Pattern:flo,Color:5}]}}"
            }
          ]
        },
        {
          "name": "minecraft:emerald",
          "type": "minecraft:item",
          "weight": 8,
          "functions": [
            {
              "function": "minecraft:set_count",
              "count": 3
            }
          ]
        },
        {
          "name": "minecraft:iron_hoe",
          "type": "minecraft:item",
          "weight": 8,
          "functions": [
            {
              "function": "minecraft:set_damage",
              "damage": {
                "min": 0.0,
                "max": 0.60
              }
            },
            {
              "function": "minecraft:enchant_with_levels",
              "levels": {
                "min": -10.0,
                "max": 15.0,
                "type": "minecraft:uniform"
              }
            }
          ]
        }
      ]
    }
  ]
}