{
  "villagerMaps" : {
    "minecraft:cartographer": [
      {
        "tradeLevel": 2,
        "structure" : "#repurposed_structures:explorer_maps/fortress",
        "mapName": "Jungle Fortress Map",
        "mapIcon": "BANNER_GREEN",
        "emeraldsRequired": 14,
        "tradesAllowed": 12,
        "xpReward": 5,
        "spawnRegionSearchRadius": 50
      },
      {
        "tradeLevel": 2,
        "structure": "#repurposed_structures:explorer_maps/monument",
        "mapName": "RS Monument Map",
        "mapIcon": "MONUMENT",
        "emeraldsRequired": 13,
        "tradesAllowed": 12,
        "xpReward": 5,
        "spawnRegionSearchRadius": 50
      },
      {
        "tradeLevel": 3,
        "structure": "#repurposed_structures:explorer_maps/mansion",
        "mapName": "RS Mansion Map",
        "mapIcon": "MANSION",
        "emeraldsRequired": 14,
        "tradesAllowed": 12,
        "xpReward": 10,
        "spawnRegionSearchRadius": 50
      }
    ]
  },
  "wanderingTraderMap" : {
    "rare": [
      {
        "structure": "repurposed_structures:bastion_underground",
        "mapName": "Underground Bastion Map",
        "mapIcon": "BANNER_GRAY",
        "emeraldsRequired": 38,
        "tradesAllowed": 1,
        "xpReward": 100,
        "spawnRegionSearchRadius": 50
      },
      {
        "structure": "repurposed_structures:village_mushroom",
        "mapName": "Mushroom Village Map",
        "mapIcon": "MANSION",
        "emeraldsRequired": 38,
        "tradesAllowed": 1,
        "xpReward": 100,
        "spawnRegionSearchRadius": 50
      },
      {
        "structure": "repurposed_structures:city_overworld",
        "mapName": "Overworld City Map",
        "mapIcon": "MANSION",
        "emeraldsRequired": 38,
        "tradesAllowed": 1,
        "xpReward": 200,
        "spawnRegionSearchRadius": 50
      },
      {
        "structure": "repurposed_structures:ancient_city_ocean",
        "mapName": "Ocean Ancient City Map",
        "mapIcon": "MONUMENT",
        "emeraldsRequired": 38,
        "tradesAllowed": 1,
        "xpReward": 200,
        "spawnRegionSearchRadius": 50
      }
    ],
    "common": []
  }
}