{
  "replace": false,
  "values": [
    "minecraft:bamboo_jungle",
    {
      "id": "regions_unexplored:bamboo_forest",
      "required": false
    },
    {
      "id": "wythers:bamboo_swamp",
      "required": false
    },
    {
      "id": "wythers:bamboo_jungle_swamp",
      "required": false
    },
    {
      "id": "wythers:bamboo_jungle_canyon",
      "required": false
    },
    {
      "id": "wythers:bamboo_jungle_highlands",
      "required": false
    },
    {
      "id": "wythers:sparse_bamboo_jungle",
      "required": false
    }
  ]
}