{
  "replace": false,
  "values": [
    "minecraft:old_growth_pine_taiga",
    "minecraft:old_growth_spruce_taiga",
    "minecraft:bamboo_jungle",
    "minecraft:jungle",
    {
      "id": "terralith:amethyst_rainforest",
      "required": false
    },
    {
      "id": "terralith:jungle_mountains",
      "required": false
    },
    {
      "id": "terralith:rocky_jungle",
      "required": false
    },
    {
      "id": "byg:orchard",
      "required": false
    },
    {
      "id": "byg:cika_woods",
      "required": false
    },
    {
      "id": "byg:coniferous_forest",
      "required": false
    },
    {
      "id": "byg:coniferous_forest_hills",
      "required": false
    },
    {
      "id": "byg:cherry_blossom_forest",
      "required": false
    },
    {
      "id": "byg:tropical_rainforest",
      "required": false
    },
    {
      "id": "byg:tropical_rainforest_hills",
      "required": false
    },
    {
      "id": "byg:redwood_thicket",
      "required": false
    },
    {
      "id": "byg:ebony_woods",
      "required": false
    },
    {
      "id": "byg:ebony_hills",
      "required": false
    },
    {
      "id": "biomesoplenty:redwood_forest",
      "required": false
    },
    {
      "id": "biomesoplenty:coniferous_forest",
      "required": false
    },
    {
      "id": "projectvibrantjourneys:redwoods",
      "required": false
    },
    {
      "id": "projectvibrantjourneys:baobab_fields",
      "required": false
    },
    {
      "id": "projectvibrantjourneys:snowy_redwoods",
      "required": false
    },
    {
      "id": "regions_unexplored:boreal_forest",
      "required": false
    },
    {
      "id": "regions_unexplored:cold_boreal_forest",
      "required": false
    },
    {
      "id": "regions_unexplored:boreal_taiga",
      "required": false
    },
    {
      "id": "regions_unexplored:cold_boreal_taiga",
      "required": false
    },
    {
      "id": "regions_unexplored:giant_bayou",
      "required": false
    },
    {
      "id": "regions_unexplored:old_growth_bayou",
      "required": false
    },
    {
      "id": "regions_unexplored:redwoods",
      "required": false
    },
    {
      "id": "regions_unexplored:sparse_redwoods",
      "required": false
    },
    {
      "id": "regions_unexplored:golden_boreal_forest",
      "required": false
    },
    {
      "id": "regions_unexplored:golden_boreal_taiga",
      "required": false
    },
    {
      "id": "wythers:flooded_temperate_rainforest",
      "required": false
    },
    {
      "id": "wythers:temperate_rainforest",
      "required": false
    },
    {
      "id": "wythers:temperate_rainforest_crags",
      "required": false
    },
    {
      "id": "wythers:ancient_taiga",
      "required": false
    },
    {
      "id": "wythers:eucalyptus_deanei_forest",
      "required": false
    },
    {
      "id": "wythers:eucalyptus_jungle",
      "required": false
    },
    {
      "id": "wythers:eucalyptus_jungle_canyon",
      "required": false
    },
    {
      "id": "wythers:eucalyptus_salubris_woodland",
      "required": false
    },
    {
      "id": "wythers:eucalyptus_woodland",
      "required": false
    },
    {
      "id": "wythers:flooded_jungle",
      "required": false
    },
    {
      "id": "wythers:flooded_rainforest",
      "required": false
    },
    {
      "id": "wythers:old_growth_taiga_crags",
      "required": false
    },
    {
      "id": "wythers:old_growth_taiga_swamp",
      "required": false
    }
  ]
}