{
  "type": "minecraft:archaeology",
  "random_sequence": "repurposed_structures:archaeology",
  "pools": [
    {
      "rolls": 1,
      "bonus_rolls": 0.0,
      "entries": [
        {
          "name": "minecraft:rib_armor_trim_smithing_template",
          "type": "minecraft:item",
          "weight": 4
        },
        {
          "name": "minecraft:archer_pottery_sherd",
          "type": "minecraft:item",
          "weight": 4
        },
        {
          "name": "minecraft:arms_up_pottery_sherd",
          "type": "minecraft:item",
          "weight": 4
        },
        {
          "name": "minecraft:blade_pottery_sherd",
          "type": "minecraft:item",
          "weight": 4
        },
        {
          "name": "minecraft:danger_pottery_sherd",
          "type": "minecraft:item",
          "weight": 4
        },
        {
          "name": "minecraft:bone",
          "type": "minecraft:item",
          "weight": 26
        },
        {
          "name": "minecraft:gunpowder",
          "type": "minecraft:item",
          "weight": 20
        },
        {
          "name": "minecraft:skeleton_skull",
          "type": "minecraft:item",
          "weight": 16
        },
        {
          "name": "minecraft:emerald",
          "type": "minecraft:item",
          "weight": 10
        },
        {
          "name": "minecraft:raw_iron",
          "type": "minecraft:item",
          "weight": 6
        },
        {
          "name": "minecraft:iron_nugget",
          "type": "minecraft:item",
          "weight": 6
        },
        {
          "name": "minecraft:diamond",
          "type": "minecraft:item",
          "weight": 4
        },
        {
          "name": "minecraft:arrow",
          "type": "minecraft:item",
          "weight": 4
        },
        {
          "name": "minecraft:bow",
          "type": "minecraft:item",
          "weight": 4,
          "functions": [
            {
              "function": "minecraft:set_damage",
              "damage": {
                "min": 0.1,
                "max": 0.7
              }
            }
          ]
        },
        {
          "name": "minecraft:crossbow",
          "type": "minecraft:item",
          "weight": 4,
          "functions": [
            {
              "function": "minecraft:set_damage",
              "damage": {
                "min": 0.1,
                "max": 0.7
              }
            }
          ]
        },
        {
          "name": "minecraft:stone_sword",
          "type": "minecraft:item",
          "weight": 4,
          "functions": [
            {
              "function": "minecraft:set_damage",
              "damage": {
                "min": 0.1,
                "max": 0.7
              }
            }
          ]
        },
        {
          "name": "minecraft:stone_sword",
          "type": "minecraft:item",
          "weight": 4,
          "functions": [
            {
              "function": "minecraft:set_damage",
              "damage": {
                "min": 0.1,
                "max": 0.7
              }
            },
            {
              "function": "minecraft:enchant_randomly"
            }
          ]
        },
        {
          "name": "minecraft:chainmail_boots",
          "type": "minecraft:item",
          "weight": 1,
          "functions": [
            {
              "function": "minecraft:set_damage",
              "damage": {
                "min": 0.1,
                "max": 0.7
              }
            }
          ]
        },
        {
          "name": "minecraft:chainmail_leggings",
          "type": "minecraft:item",
          "weight": 1,
          "functions": [
            {
              "function": "minecraft:set_damage",
              "damage": {
                "min": 0.1,
                "max": 0.7
              }
            }
          ]
        },
        {
          "name": "minecraft:chainmail_chestplate",
          "type": "minecraft:item",
          "weight": 1,
          "functions": [
            {
              "function": "minecraft:set_damage",
              "damage": {
                "min": 0.1,
                "max": 0.7
              }
            }
          ]
        },
        {
          "name": "minecraft:chainmail_helmet",
          "type": "minecraft:item",
          "weight": 1,
          "functions": [
            {
              "function": "minecraft:set_damage",
              "damage": {
                "min": 0.1,
                "max": 0.7
              }
            }
          ]
        },
        {
          "name": "minecraft:chainmail_boots",
          "type": "minecraft:item",
          "weight": 1,
          "functions": [
            {
              "function": "minecraft:set_damage",
              "damage": {
                "min": 0.1,
                "max": 0.7
              }
            },
            {
              "function": "minecraft:enchant_randomly"
            }
          ]
        },
        {
          "name": "minecraft:chainmail_leggings",
          "type": "minecraft:item",
          "weight": 1,
          "functions": [
            {
              "function": "minecraft:set_damage",
              "damage": {
                "min": 0.1,
                "max": 0.7
              }
            },
            {
              "function": "minecraft:enchant_randomly"
            }
          ]
        },
        {
          "name": "minecraft:chainmail_chestplate",
          "type": "minecraft:item",
          "weight": 1,
          "functions": [
            {
              "function": "minecraft:set_damage",
              "damage": {
                "min": 0.1,
                "max": 0.7
              }
            },
            {
              "function": "minecraft:enchant_randomly"
            }
          ]
        },
        {
          "name": "minecraft:chainmail_helmet",
          "type": "minecraft:item",
          "weight": 1,
          "functions": [
            {
              "function": "minecraft:set_damage",
              "damage": {
                "min": 0.1,
                "max": 0.7
              }
            },
            {
              "function": "minecraft:enchant_randomly"
            }
          ]
        }
      ]
    }
  ]
}