{
  "type": "minecraft:archaeology",
  "random_sequence": "repurposed_structures:archaeology",
  "pools": [
    {
      "rolls": 1,
      "bonus_rolls": 0.0,
      "entries": [
        {
          "name": "minecraft:angler_pottery_sherd",
          "type": "minecraft:item",
          "weight": 1
        },
        {
          "name": "minecraft:shelter_pottery_sherd",
          "type": "minecraft:item",
          "weight": 1
        },
        {
          "name": "minecraft:snort_pottery_sherd",
          "type": "minecraft:item",
          "weight": 1
        },
        {
          "name": "minecraft:sniffer_egg",
          "type": "minecraft:item",
          "weight": 1
        },
        {
          "name": "minecraft:iron_axe",
          "type": "minecraft:item",
          "weight": 1,
          "functions": [
            {
              "function": "minecraft:set_damage",
              "damage": {
                "min": 0.1,
                "max": 0.7
              }
            }
          ]
        },
        {
          "name": "minecraft:emerald",
          "type": "minecraft:item",
          "weight": 2
        },
        {
          "name": "minecraft:poisonous_potato",
          "type": "minecraft:item",
          "weight": 1
        },
        {
          "name": "minecraft:potato",
          "type": "minecraft:item",
          "weight": 1
        },
        {
          "name": "minecraft:bucket",
          "type": "minecraft:item",
          "weight": 1
        },
        {
          "name": "minecraft:bowl",
          "type": "minecraft:item",
          "weight": 1
        },
        {
          "name": "minecraft:coal",
          "type": "minecraft:item",
          "weight": 2
        },
        {
          "name": "minecraft:gold_nugget",
          "type": "minecraft:item",
          "weight": 2
        }
      ]
    }
  ]
}