{
  "type": "minecraft:archaeology",
  "random_sequence": "repurposed_structures:archaeology",
  "pools": [
    {
      "rolls": 1,
      "bonus_rolls": 0.0,
      "entries": [
        {
          "name": "minecraft:blade_pottery_sherd",
          "type": "minecraft:item",
          "weight": 1
        },
        {
          "name": "minecraft:explorer_pottery_sherd",
          "type": "minecraft:item",
          "weight": 1
        },
        {
          "name": "minecraft:mourner_pottery_sherd",
          "type": "minecraft:item",
          "weight": 1
        },
        {
          "name": "minecraft:plenty_pottery_sherd",
          "type": "minecraft:item",
          "weight": 1
        },
        {
          "name": "minecraft:iron_axe",
          "type": "minecraft:item",
          "weight": 1,
          "functions": [
            {
              "function": "minecraft:set_damage",
              "damage": {
                "min": 0.1,
                "max": 0.7
              }
            }
          ]
        },
        {
          "name": "minecraft:emerald",
          "type": "minecraft:item",
          "weight": 2
        },
        {
          "name": "minecraft:leather",
          "type": "minecraft:item",
          "weight": 1
        },
        {
          "name": "minecraft:sweet_berries",
          "type": "minecraft:item",
          "weight": 2
        },
        {
          "name": "minecraft:wooden_sword",
          "type": "minecraft:item",
          "weight": 1,
          "functions": [
            {
              "function": "minecraft:set_damage",
              "damage": {
                "min": 0.1,
                "max": 0.7
              }
            }
          ]
        },
        {
          "name": "minecraft:charcoal",
          "type": "minecraft:item",
          "weight": 2
        },
        {
          "name": "minecraft:iron_nugget",
          "type": "minecraft:item",
          "weight": 2
        }
      ]
    }
  ]
}