{
  "type": "minecraft:chest",
  "random_sequence": "repurposed_structures:chests",
  "pools": [
    {
      "rolls": 0,
      "bonus_rolls": 1,
      "entries": [
        {
          "type": "minecraft:empty",
          "weight": 300
        },
        {
          "name": "minecraft:experience_bottle",
          "type": "minecraft:item",
          "weight": 30
        },
        {
          "name": "minecraft:black_banner",
          "type": "minecraft:item",
          "weight": 1,
          "functions": [
            {
              "function":"set_nbt",
              "tag":"{BlockEntityTag:{Patterns:[{Pattern:ts,Color:5},{Pattern:mr,Color:15},{Pattern:mr,Color:15},{Pattern:dls,Color:5},{Pattern:bs,Color:15},{Pattern:bs,Color:15},{Pattern:bs,Color:15},{Pattern:bts,Color:5},{Pattern:cbo,Color:15},{Pattern:cbo,Color:15},{Pattern:cbo,Color:15},{Pattern:cbo,Color:15}]}}"
            }
          ]
        },
        {
          "name": "minecraft:white_banner",
          "type": "minecraft:item",
          "weight": 1,
          "functions": [
            {
              "function":"set_nbt",
              "tag":"{BlockEntityTag:{Patterns:[{Pattern:hh,Color:0},{Pattern:hhb,Color:0},{Pattern:dls,Color:3},{Pattern:dls,Color:3},{Pattern:dls,Color:3},{Pattern:dls,Color:3},{Pattern:ls,Color:0},{Pattern:rs,Color:0},{Pattern:ls,Color:0},{Pattern:rs,Color:0},{Pattern:ls,Color:0},{Pattern:rs,Color:0}]}}"
            }
          ]
        },
        {
          "name": "minecraft:orange_banner",
          "type": "minecraft:item",
          "weight": 1,
          "functions": [
            {
              "function":"set_nbt",
              "tag":"{BlockEntityTag:{Patterns:[{Pattern:hh,Color:1},{Pattern:ss,Color:0},{Pattern:ss,Color:0},{Pattern:ss,Color:0},{Pattern:rs,Color:0},{Pattern:cbo,Color:1},{Pattern:ts,Color:1},{Pattern:hhb,Color:1},{Pattern:cbo,Color:1},{Pattern:cbo,Color:1},{Pattern:ts,Color:1},{Pattern:ts,Color:1}]}}"
            }
          ]
        },
        {
          "name": "minecraft:red_banner",
          "type": "minecraft:item",
          "weight": 1,
          "functions": [
            {
              "function":"set_nbt",
              "tag":"{BlockEntityTag:{Patterns:[{Pattern:hhb,Color:14},{Pattern:hh,Color:14},{Pattern:mr,Color:0},{Pattern:mr,Color:0},{Pattern:mr,Color:0},{Pattern:vh,Color:14},{Pattern:vh,Color:14},{Pattern:vh,Color:14},{Pattern:vh,Color:14},{Pattern:vh,Color:14},{Pattern:vh,Color:14},{Pattern:vh,Color:14}]}}"
            }
          ]
        },
        {
          "name": "minecraft:white_banner",
          "type": "minecraft:item",
          "weight": 1,
          "functions": [
            {
              "function":"set_nbt",
              "tag":"{BlockEntityTag:{Patterns:[{Pattern:bs,Color:10},{Pattern:mr,Color:0},{Pattern:mr,Color:0},{Pattern:bl,Color:10},{Pattern:bo,Color:10},{Pattern:ts,Color:10},{Pattern:pig,Color:10},{Pattern:ts,Color:10},{Pattern:bo,Color:10},{Pattern:bo,Color:10},{Pattern:bl,Color:10},{Pattern:bl,Color:10}]}}"
            }
          ]
        },
        {
          "name": "minecraft:black_banner",
          "type": "minecraft:item",
          "weight": 1,
          "functions": [
            {
              "function":"set_nbt",
              "tag":"{BlockEntityTag:{Patterns:[{Pattern:hhb,Color:15},{Pattern:hh,Color:15},{Pattern:ls,Color:14},{Pattern:ls,Color:14},{Pattern:rs,Color:14},{Pattern:rs,Color:14},{Pattern:gra,Color:15},{Pattern:drs,Color:14},{Pattern:bo,Color:15},{Pattern:bo,Color:15},{Pattern:bo,Color:15},{Pattern:bo,Color:15}]}}"
            }
          ]
        },
        {
          "name": "minecraft:lime_banner",
          "type": "minecraft:item",
          "weight": 1,
          "functions": [
            {
              "function":"set_nbt",
              "tag":"{BlockEntityTag:{Patterns:[{Pattern:rs,Color:4},{Pattern:br,Color:4},{Pattern:br,Color:4},{Pattern:br,Color:4},{Pattern:tt,Color:14},{Pattern:tt,Color:14},{Pattern:tt,Color:14},{Pattern:tl,Color:14},{Pattern:tl,Color:14},{Pattern:mc,Color:0},{Pattern:mc,Color:0},{Pattern:mc,Color:11}]}}"
            }
          ]
        },
        {
          "name": "minecraft:green_banner",
          "type": "minecraft:item",
          "weight": 1,
          "functions": [
            {
              "function":"set_nbt",
              "tag":"{BlockEntityTag:{Patterns:[{Pattern:bt,Color:5},{Pattern:bri,Color:15},{Pattern:gru,Color:5},{Pattern:mr,Color:15},{Pattern:cre,Color:5},{Pattern:rud,Color:13},{Pattern:ld,Color:13},{Pattern:rud,Color:13},{Pattern:ld,Color:13},{Pattern:tt,Color:5},{Pattern:gra,Color:1},{Pattern:gra,Color:13}]}}"
            }
          ]
        },
        {
          "name": "minecraft:yellow_banner",
          "type": "minecraft:item",
          "weight": 1,
          "functions": [
            {
              "function":"set_nbt",
              "tag":"{BlockEntityTag:{Patterns:[{Pattern:flo,Color:15},{Pattern:mc,Color:4},{Pattern:ss,Color:15},{Pattern:bo,Color:4},{Pattern:flo,Color:4},{Pattern:gru,Color:15},{Pattern:ts,Color:15},{Pattern:ts,Color:15},{Pattern:cbo,Color:15},{Pattern:gru,Color:5},{Pattern:bt,Color:15},{Pattern:bt,Color:15}]}}"
            }
          ]
        },
        {
          "name": "minecraft:white_banner",
          "type": "minecraft:item",
          "weight": 1,
          "functions": [
            {
              "function":"set_nbt",
              "tag":"{BlockEntityTag:{Patterns:[{Pattern:hh,Color:0},{Pattern:hhb,Color:0},{Pattern:tl,Color:14},{Pattern:tl,Color:14},{Pattern:tr,Color:5},{Pattern:tr,Color:5},{Pattern:bl,Color:3},{Pattern:br,Color:4},{Pattern:bl,Color:3},{Pattern:sc,Color:0},{Pattern:sc,Color:0},{Pattern:sc,Color:0}]}}"
            }
          ]
        },
        {
          "name": "minecraft:black_banner",
          "type": "minecraft:item",
          "weight": 1,
          "functions": [
            {
              "function":"set_nbt",
              "tag":"{BlockEntityTag:{Patterns:[{Pattern:vhr,Color:0},{Pattern:sc,Color:14},{Pattern:sc,Color:14},{Pattern:sc,Color:14},{Pattern:bl,Color:15},{Pattern:br,Color:0},{Pattern:tr,Color:0},{Pattern:tl,Color:15},{Pattern:tl,Color:15},{Pattern:tr,Color:0},{Pattern:br,Color:0},{Pattern:bl,Color:15}]}}"
            }
          ]
        },
        {
          "name": "minecraft:white_banner",
          "type": "minecraft:item",
          "weight": 1,
          "functions": [
            {
              "function":"set_nbt",
              "tag":"{BlockEntityTag:{Patterns:[{Pattern:hh,Color:0},{Pattern:hhb,Color:0},{Pattern:rs,Color:4},{Pattern:rs,Color:4},{Pattern:rs,Color:4},{Pattern:rs,Color:4},{Pattern:rs,Color:4},{Pattern:ls,Color:10},{Pattern:ls,Color:10},{Pattern:ls,Color:10},{Pattern:ls,Color:10},{Pattern:ls,Color:10}]}}"
            }
          ]
        },
        {
          "name": "minecraft:blue_banner",
          "type": "minecraft:item",
          "weight": 1,
          "functions": [
            {
              "function":"set_nbt",
              "tag":"{BlockEntityTag:{Patterns:[{Pattern:hh,Color:4},{Pattern:hhb,Color:4},{Pattern:ms,Color:11},{Pattern:ts,Color:11},{Pattern:bs,Color:11},{Pattern:bo,Color:11},{Pattern:bo,Color:11},{Pattern:bo,Color:11},{Pattern:ts,Color:11},{Pattern:bs,Color:11},{Pattern:ms,Color:11},{Pattern:ms,Color:11}]}}"
            }
          ]
        },
        {
          "name": "minecraft:blue_banner",
          "type": "minecraft:item",
          "weight": 1,
          "functions": [
            {
              "function":"set_nbt",
              "tag":"{BlockEntityTag:{Patterns:[{Pattern:hhb,Color:11},{Pattern:hh,Color:11},{Pattern:flo,Color:4},{Pattern:flo,Color:4},{Pattern:flo,Color:4},{Pattern:ss,Color:11},{Pattern:ss,Color:11},{Pattern:pig,Color:11},{Pattern:mc,Color:11},{Pattern:mc,Color:11},{Pattern:mc,Color:11},{Pattern:bo,Color:11}]}}"
            }
          ]
        },
        {
          "name": "minecraft:light_blue_banner",
          "type": "minecraft:item",
          "weight": 1,
          "functions": [
            {
              "function":"set_nbt",
              "tag":"{BlockEntityTag:{Patterns:[{Pattern:hhb,Color:3},{Pattern:hh,Color:3},{Pattern:bts,Color:0},{Pattern:cbo,Color:0},{Pattern:bts,Color:0},{Pattern:cbo,Color:0},{Pattern:bo,Color:3},{Pattern:ts,Color:3},{Pattern:glb,Color:0},{Pattern:glb,Color:0},{Pattern:glb,Color:0},{Pattern:glb,Color:0}]}}"
            }
          ]
        },
        {
          "name": "minecraft:white_banner",
          "type": "minecraft:item",
          "weight": 1,
          "functions": [
            {
              "function":"set_nbt",
              "tag":"{BlockEntityTag:{Patterns:[{Pattern:hh,Color:0},{Pattern:hhb,Color:0},{Pattern:sc,Color:14},{Pattern:sc,Color:14},{Pattern:sc,Color:14},{Pattern:bo,Color:0},{Pattern:bo,Color:0},{Pattern:bo,Color:0},{Pattern:ts,Color:0},{Pattern:ts,Color:0},{Pattern:bs,Color:0},{Pattern:bs,Color:0}]}}"
            }
          ]
        },
        {
          "name": "minecraft:black_banner",
          "type": "minecraft:item",
          "weight": 1,
          "functions": [
            {
              "function":"set_nbt",
              "tag":"{BlockEntityTag:{Patterns:[{Pattern:bri,Color:0},{Pattern:bri,Color:0},{Pattern:ss,Color:15},{Pattern:ss,Color:15},{Pattern:ss,Color:15},{Pattern:ss,Color:15},{Pattern:cs,Color:0},{Pattern:cs,Color:0},{Pattern:cs,Color:0},{Pattern:bo,Color:15},{Pattern:bo,Color:15},{Pattern:bo,Color:15}]}}"
            }
          ]
        },
        {
          "name": "minecraft:black_banner",
          "type": "minecraft:item",
          "weight": 1,
          "functions": [
            {
              "function":"set_nbt",
              "tag":"{BlockEntityTag:{Patterns:[{Pattern:cs,Color:15},{Pattern:ls,Color:14},{Pattern:ls,Color:14},{Pattern:ls,Color:14},{Pattern:rs,Color:13},{Pattern:rs,Color:13},{Pattern:rs,Color:13},{Pattern:rs,Color:13},{Pattern:rs,Color:13},{Pattern:ls,Color:14},{Pattern:ls,Color:14},{Pattern:cs,Color:15}]}}"
            }
          ]
        },
        {
          "name": "minecraft:white_banner",
          "type": "minecraft:item",
          "weight": 1,
          "functions": [
            {
              "function":"set_nbt",
              "tag":"{BlockEntityTag:{Patterns:[{Pattern:hhb,Color:15},{Pattern:hh,Color:0},{Pattern:bs,Color:11},{Pattern:bs,Color:11},{Pattern:bs,Color:11},{Pattern:ts,Color:2},{Pattern:ts,Color:2},{Pattern:ts,Color:2},{Pattern:ms,Color:10},{Pattern:ms,Color:10},{Pattern:ms,Color:10},{Pattern:ms,Color:10}]}}"
            }
          ]
        },
        {
          "name": "minecraft:white_banner",
          "type": "minecraft:item",
          "weight": 1,
          "functions": [
            {
              "function":"set_nbt",
              "tag":"{BlockEntityTag:{Patterns:[{Pattern:hhb,Color:7},{Pattern:hhb,Color:7},{Pattern:bs,Color:15},{Pattern:bs,Color:15},{Pattern:bs,Color:15},{Pattern:hh,Color:5},{Pattern:ts,Color:13},{Pattern:ts,Color:13},{Pattern:ms,Color:0},{Pattern:ms,Color:0},{Pattern:ms,Color:0},{Pattern:ts,Color:13}]}}"
            }
          ]
        },
        {
          "name": "minecraft:purple_banner",
          "type": "minecraft:item",
          "weight": 1,
          "functions": [
            {
              "function":"set_nbt",
              "tag":"{BlockEntityTag:{Patterns:[{Pattern:cs,Color:10},{Pattern:ls,Color:2},{Pattern:ls,Color:2},{Pattern:ls,Color:2},{Pattern:rs,Color:11},{Pattern:rs,Color:11},{Pattern:rs,Color:11},{Pattern:rs,Color:11},{Pattern:rs,Color:11},{Pattern:ls,Color:2},{Pattern:ls,Color:2},{Pattern:cs,Color:10}]}}"
            }
          ]
        },
        {
          "name": "minecraft:yellow_banner",
          "type": "minecraft:item",
          "weight": 1,
          "functions": [
            {
              "function":"set_nbt",
              "tag":"{BlockEntityTag:{Patterns:[{Pattern:hh,Color:4},{Pattern:gra,Color:14},{Pattern:gru,Color:14},{Pattern:gra,Color:4},{Pattern:gra,Color:4},{Pattern:gru,Color:2},{Pattern:gru,Color:10},{Pattern:gra,Color:4},{Pattern:gra,Color:14},{Pattern:ms,Color:0},{Pattern:ms,Color:0},{Pattern:ms,Color:0}]}}"
            }
          ]
        },
        {
          "name": "minecraft:yellow_banner",
          "type": "minecraft:item",
          "weight": 1,
          "functions": [
            {
              "function":"set_nbt",
              "tag":"{BlockEntityTag:{Patterns:[{Pattern:hhb,Color:4},{Pattern:hh,Color:4},{Pattern:ts,Color:6},{Pattern:ts,Color:6},{Pattern:ts,Color:6},{Pattern:ts,Color:6},{Pattern:ts,Color:6},{Pattern:bs,Color:3},{Pattern:bs,Color:3},{Pattern:bs,Color:3},{Pattern:bs,Color:3},{Pattern:bs,Color:3}]}}"
            }
          ]
        },
        {
          "name": "minecraft:white_banner",
          "type": "minecraft:item",
          "weight": 1,
          "functions": [
            {
              "function":"set_nbt",
              "tag":"{BlockEntityTag:{Patterns:[{Pattern:hh,Color:0},{Pattern:ts,Color:4},{Pattern:ts,Color:4},{Pattern:hhb,Color:10},{Pattern:hhb,Color:10},{Pattern:hhb,Color:10},{Pattern:hhb,Color:10},{Pattern:hhb,Color:10},{Pattern:hhb,Color:10},{Pattern:bs,Color:15},{Pattern:bs,Color:15},{Pattern:bs,Color:15}]}}"
            }
          ]
        },
        {
          "name": "minecraft:light_gray_banner",
          "type": "minecraft:item",
          "weight": 1,
          "functions": [
            {
              "function":"set_nbt",
              "tag":"{BlockEntityTag:{Patterns:[{Pattern:hh,Color:8},{Pattern:ts,Color:15},{Pattern:hhb,Color:0},{Pattern:hhb,Color:0},{Pattern:hhb,Color:0},{Pattern:hhb,Color:0},{Pattern:hhb,Color:0},{Pattern:hhb,Color:0},{Pattern:bs,Color:10},{Pattern:bs,Color:10},{Pattern:bs,Color:10},{Pattern:ts,Color:15}]}}"
            }
          ]
        },
        {
          "name": "minecraft:red_banner",
          "type": "minecraft:item",
          "weight": 1,
          "functions": [
            {
              "function":"set_nbt",
              "tag":"{BlockEntityTag:{Patterns:[{Pattern:hhb,Color:13},{Pattern:bs,Color:11},{Pattern:bs,Color:11},{Pattern:bts,Color:10},{Pattern:hh,Color:4},{Pattern:ts,Color:1},{Pattern:ts,Color:1},{Pattern:tts,Color:14},{Pattern:tts,Color:14},{Pattern:bts,Color:10},{Pattern:bts,Color:10},{Pattern:tts,Color:14}]}}"
            }
          ]
        },
        {
          "name": "minecraft:yellow_banner",
          "type": "minecraft:item",
          "weight": 1,
          "functions": [
            {
              "function":"set_nbt",
              "tag":"{BlockEntityTag:{Patterns:[{Pattern:hhb,Color:4},{Pattern:hh,Color:11},{Pattern:hh,Color:11},{Pattern:hh,Color:11},{Pattern:hh,Color:11},{Pattern:hh,Color:11},{Pattern:hh,Color:11},{Pattern:hh,Color:11},{Pattern:hh,Color:11},{Pattern:hh,Color:11},{Pattern:hh,Color:11},{Pattern:hh,Color:11}]}}"
            }
          ]
        },
        {
          "name": "minecraft:pink_banner",
          "type": "minecraft:item",
          "weight": 1,
          "functions": [
            {
              "function":"set_nbt",
              "tag":"{BlockEntityTag:{Patterns:[{Pattern:cs,Color:0},{Pattern:cs,Color:0},{Pattern:cs,Color:0},{Pattern:bo,Color:3},{Pattern:bo,Color:3},{Pattern:bo,Color:3}]}}"
            }
          ]
        },
        {
          "name": "minecraft:green_banner",
          "type": "minecraft:item",
          "weight": 1,
          "functions": [
            {
              "function":"set_nbt",
              "tag":"{BlockEntityTag:{Patterns:[{Pattern:flo,Color:9},{Pattern:mr,Color:9},{Pattern:mc,Color:3},{Pattern:glb,Color:15},{Pattern:glb,Color:13},{Pattern:bo,Color:15},{Pattern:ts,Color:15},{Pattern:bs,Color:15},{Pattern:bo,Color:15},{Pattern:bo,Color:15},{Pattern:ts,Color:15},{Pattern:bs,Color:15}]}}"
            }
          ]
        },
        {
          "name": "minecraft:red_banner",
          "type": "minecraft:item",
          "weight": 1,
          "functions": [
            {
              "function":"set_nbt",
              "tag":"{BlockEntityTag:{Patterns:[{Pattern:gru,Color:14},{Pattern:tt,Color:4},{Pattern:tt,Color:4},{Pattern:tt,Color:4},{Pattern:rs,Color:4},{Pattern:ls,Color:4},{Pattern:bo,Color:14},{Pattern:bo,Color:14},{Pattern:bo,Color:14},{Pattern:tts,Color:14},{Pattern:tts,Color:14},{Pattern:tts,Color:14}]}}"
            }
          ]
        },
        {
          "name": "minecraft:white_banner",
          "type": "minecraft:item",
          "weight": 1,
          "functions": [
            {
              "function":"set_nbt",
              "tag":"{BlockEntityTag:{Patterns:[{Pattern:gru,Color:7},{Pattern:gra,Color:0},{Pattern:cr,Color:15},{Pattern:cr,Color:15},{Pattern:cr,Color:5}]}}"
            }
          ]
        },
        {
          "name": "minecraft:red_banner",
          "type": "minecraft:item",
          "weight": 1,
          "functions": [
            {
              "function":"set_nbt",
              "tag":"{BlockEntityTag:{Patterns:[{Pattern:mc,Color:0},{Pattern:flo,Color:14},{Pattern:bs,Color:0},{Pattern:ts,Color:0},{Pattern:bo,Color:0},{Pattern:cbo,Color:0},{Pattern:cbo,Color:0},{Pattern:ts,Color:0},{Pattern:bs,Color:0},{Pattern:ts,Color:0},{Pattern:bs,Color:0},{Pattern:bo,Color:0}]}}"
            }
          ]
        },
        {
          "name": "minecraft:white_banner",
          "type": "minecraft:item",
          "weight": 1,
          "functions": [
            {
              "function":"set_nbt",
              "tag":"{BlockEntityTag:{Patterns:[{Pattern:gru,Color:0},{Pattern:gra,Color:0},{Pattern:mc,Color:15},{Pattern:mc,Color:15},{Pattern:mc,Color:9},{Pattern:mc,Color:0},{Pattern:bs,Color:15},{Pattern:bs,Color:15},{Pattern:bs,Color:5},{Pattern:bo,Color:0},{Pattern:bo,Color:0},{Pattern:bs,Color:0}]}}"
            }
          ]
        },
        {
          "name": "minecraft:white_banner",
          "type": "minecraft:item",
          "weight": 1,
          "functions": [
            {
              "function":"set_nbt",
              "tag":"{BlockEntityTag:{Patterns:[{Pattern:cs,Color:13},{Pattern:hh,Color:1},{Pattern:ss,Color:0},{Pattern:ss,Color:0},{Pattern:ss,Color:0},{Pattern:ts,Color:1},{Pattern:ls,Color:0},{Pattern:rs,Color:0},{Pattern:ls,Color:0},{Pattern:rs,Color:0},{Pattern:cbo,Color:0},{Pattern:cbo,Color:0}]}}"
            }
          ]
        },
        {
          "name": "minecraft:white_banner",
          "type": "minecraft:item",
          "weight": 1,
          "functions": [
            {
              "function":"set_nbt",
              "tag":"{BlockEntityTag:{Patterns:[{Pattern:hhb,Color:0},{Pattern:hh,Color:0},{Pattern:bs,Color:3},{Pattern:ts,Color:3},{Pattern:cbo,Color:0},{Pattern:mr,Color:0},{Pattern:cr,Color:3},{Pattern:bt,Color:0},{Pattern:cbo,Color:3},{Pattern:bo,Color:3},{Pattern:bo,Color:0},{Pattern:cbo,Color:0}]}}"
            }
          ]
        },
        {
          "name": "minecraft:yellow_banner",
          "type": "minecraft:item",
          "weight": 1,
          "functions": [
            {
              "function":"set_nbt",
              "tag":"{BlockEntityTag:{Patterns:[{Pattern:rd,Color:4},{Pattern:drs,Color:15},{Pattern:drs,Color:15},{Pattern:drs,Color:15},{Pattern:ls,Color:15},{Pattern:ls,Color:15},{Pattern:ls,Color:15},{Pattern:ts,Color:15},{Pattern:ts,Color:15},{Pattern:bo,Color:4},{Pattern:bo,Color:4},{Pattern:bo,Color:4}]}}"
            }
          ]
        },
        {
          "name": "minecraft:lime_banner",
          "type": "minecraft:item",
          "weight": 1,
          "functions": [
            {
              "function":"set_nbt",
              "tag":"{BlockEntityTag:{Patterns:[{Pattern:hhb,Color:5},{Pattern:hh,Color:5},{Pattern:bs,Color:0},{Pattern:ts,Color:0},{Pattern:cbo,Color:5},{Pattern:bs,Color:5},{Pattern:mr,Color:5},{Pattern:cr,Color:0},{Pattern:bo,Color:5},{Pattern:cbo,Color:5},{Pattern:bo,Color:5},{Pattern:cbo,Color:5}]}}"
            }
          ]
        }
      ]
    }
  ]
}